Timestamp(ms),PlayerRotX,PlayerRotY,TargetRotX,TargetRotY,Fired,HitTarget
1363.0,0.0,90.0,NA,NA,TRUE,FALSE
1375.0,0.0,90.0,14.225689,61.976443,FALSE,NA,
1388.0,0.0,90.0,14.225689,61.976443,FALSE,NA,
1399.0,0.0,90.0,14.225689,61.976443,FALSE,NA,
1424.0,0.0,90.0,14.225689,61.976443,FALSE,NA,
1436.0,0.0,90.0,14.225689,61.976443,FALSE,NA,
1460.0,0.0,90.0,14.225689,61.976443,FALSE,NA,
1474.0,0.0,90.0,14.225689,61.976443,FALSE,NA,
1485.0,0.0,90.0,14.225689,61.976443,FALSE,NA,
1509.0,0.0,90.0,14.225689,61.976443,FALSE,NA,
1521.0,0.0,90.0,14.225689,61.976443,FALSE,NA,
1530.0,0.0,90.0,14.225689,61.976443,FALSE,NA,
1555.0,0.0,90.0,14.225689,61.976443,FALSE,NA,
1566.0,0.0,90.0,14.225689,61.976443,FALSE,NA,
1591.0,0.0,90.0,14.225689,61.976443,FALSE,NA,
1601.0,0.0,90.0,14.225689,61.976443,FALSE,NA,
1624.0,0.0,90.0,14.225689,61.976443,FALSE,NA,
1635.0,0.0,90.0,14.225689,61.976443,FALSE,NA,
1646.0,0.0,90.0,14.225689,61.976443,FALSE,NA,
1671.0,0.0,90.0,14.225689,61.976443,FALSE,NA,
1681.0,0.0,90.0,14.225689,61.976443,FALSE,NA,
1706.0,0.0,90.0,14.225689,61.976443,FALSE,NA,
1715.0,0.0,90.0,14.225689,61.976443,FALSE,NA,
1740.0,0.0,90.0,14.225689,61.976443,FALSE,NA,
1751.0,0.0,90.0,14.225689,61.976443,FALSE,NA,
1764.0,0.0,90.0,14.225689,61.976443,FALSE,NA,
1786.0,0.0,90.0,14.225689,61.976443,FALSE,NA,
1811.0,0.0,90.0,14.225689,61.976443,FALSE,NA,
1822.0,0.0,90.0,14.225689,61.976443,FALSE,NA,
1832.0,0.0,90.0,14.225689,61.976443,FALSE,NA,
1858.0,0.0,90.0,14.225689,61.976443,FALSE,NA,
1870.0,0.0,90.0,14.225689,61.976443,FALSE,NA,
1880.0,0.0,90.0,14.225689,61.976443,FALSE,NA,
1905.0,0.0,90.0,14.225689,61.976443,FALSE,NA,
1914.0,0.0,90.0,14.225689,61.976443,FALSE,NA,
1941.0,0.0,90.0,14.225689,61.976443,FALSE,NA,
1951.0,0.0,90.0,14.225689,61.976443,FALSE,NA,
1963.0,0.0,90.0,14.225689,61.976443,FALSE,NA,
1987.0,0.0,90.0,14.225689,61.976443,FALSE,NA,
2011.0,0.0,90.0,14.225689,61.976443,FALSE,NA,
2023.0,0.0,90.0,14.225689,61.976443,FALSE,NA,
2032.0,0.0,90.0,14.225689,61.976443,FALSE,NA,
2057.0,0.0,90.0,14.225689,61.976443,FALSE,NA,
2070.0,0.0,90.0,14.225689,61.976443,FALSE,NA,
2093.0,0.0,90.0,14.225689,61.976443,FALSE,NA,
2105.0,0.0,90.0,14.225689,61.976443,FALSE,NA,
2115.0,0.0,90.0,14.225689,61.976443,FALSE,NA,
2140.0,0.0,90.0,14.225689,61.976443,FALSE,NA,
2151.0,0.0,90.0,14.225689,61.976443,FALSE,NA,
2175.0,0.0,90.0,14.225689,61.976443,FALSE,NA,
2186.0,0.0,90.0,14.225689,61.976443,FALSE,NA,
2209.0,0.0,90.0,14.225689,61.976443,FALSE,NA,
2222.0,0.0,90.0,14.225689,61.976443,FALSE,NA,
2231.0,0.0,90.0,14.225689,61.976443,FALSE,NA,
2256.0,0.0,90.0,14.225689,61.976443,FALSE,NA,
2267.0,0.0,90.0,14.225689,61.976443,FALSE,NA,
2292.0,0.0,90.0,14.225689,61.976443,FALSE,NA,
2302.0,0.0,90.0,14.225689,61.976443,FALSE,NA,
2314.0,0.0,90.0,14.225689,61.976443,FALSE,NA,
2338.0,0.0,90.0,14.225689,61.976443,FALSE,NA,
2350.0,0.0,90.0,14.225689,61.976443,FALSE,NA,
2373.0,0.0,90.0,14.225689,61.976443,FALSE,NA,
2383.0,0.0,90.0,14.225689,61.976443,FALSE,NA,
2397.0,0.0,90.0,14.225689,61.976443,FALSE,NA,
2423.0,0.0,90.0,14.225689,61.976443,FALSE,NA,
2433.0,0.0,90.0,14.225689,61.976443,FALSE,NA,
2459.0,0.0,90.0,14.225689,61.976443,FALSE,NA,
2470.0,0.0,90.0,14.225689,61.976443,FALSE,NA,
2481.0,0.0,90.0,14.225689,61.976443,FALSE,NA,
2504.0,0.0,90.0,14.225689,61.976443,FALSE,NA,
2515.0,0.0,90.0,14.225689,61.976443,FALSE,NA,
2539.0,0.0,90.0,14.225689,61.976443,FALSE,NA,
2550.0,0.0,90.0,14.225689,61.976443,FALSE,NA,
2563.0,0.0,90.0,14.225689,61.976443,FALSE,NA,
2587.0,0.0,90.0,14.225689,61.976443,FALSE,NA,
2599.0,0.0,90.0,14.225689,61.976443,FALSE,NA,
2621.0,0.0,90.0,14.225689,61.976443,FALSE,NA,
2633.0,0.0,90.0,14.225689,61.976443,FALSE,NA,
2656.0,0.0,90.0,14.225689,61.976443,FALSE,NA,
2668.0,0.0,90.0,14.225689,61.976443,FALSE,NA,
2680.0,0.0,90.0,14.225689,61.976443,FALSE,NA,
2704.0,0.0,90.0,14.225689,61.976443,FALSE,NA,
2713.0,0.0,90.0,14.225689,61.976443,FALSE,NA,
2738.0,0.0,90.0,14.225689,61.976443,FALSE,NA,
2747.0,0.0,90.0,14.225689,61.976443,FALSE,NA,
2774.0,0.0,90.0,14.225689,61.976443,FALSE,NA,
2783.0,0.0,90.0,14.225689,61.976443,FALSE,NA,
2810.0,0.0,90.0,14.225689,61.976443,FALSE,NA,
2822.0,0.0,90.0,14.225689,61.976443,FALSE,NA,
2831.0,0.0,90.0,14.225689,61.976443,FALSE,NA,
2845.0,0.0,90.0,14.225689,61.976443,TRUE,FALSE
2858.0,0.0,90.0,8.733777,116.800974,FALSE,NA,
2867.0,0.0,90.0,8.733777,116.800974,FALSE,NA,
2892.0,0.0,90.0,8.733777,116.800974,FALSE,NA,
2905.0,0.0,90.0,8.733777,116.800974,FALSE,NA,
2919.0,0.0,90.0,8.733777,116.800974,FALSE,NA,
2940.0,0.0,90.0,8.733777,116.800974,FALSE,NA,
2950.0,0.0,90.0,8.733777,116.800974,FALSE,NA,
2975.0,0.0,90.0,8.733777,116.800974,FALSE,NA,
2985.0,0.0,90.0,8.733777,116.800974,FALSE,NA,
2997.0,0.0,90.0,8.733777,116.800974,FALSE,NA,
3022.0,0.0,90.0,8.733777,116.800974,FALSE,NA,
3032.0,0.0,90.0,8.733777,116.800974,FALSE,NA,
3057.0,0.0,90.0,8.733777,116.800974,FALSE,NA,
3069.0,0.0,90.0,8.733777,116.800974,FALSE,NA,
3082.0,0.0,90.0,8.733777,116.800974,FALSE,NA,
3104.0,0.0,90.0,8.733777,116.800974,FALSE,NA,
3114.0,0.0,90.0,8.733777,116.800974,FALSE,NA,
3141.0,0.0,90.0,8.733777,116.800974,FALSE,NA,
3153.0,0.0,90.0,8.733777,116.800974,FALSE,NA,
3166.0,0.0,90.0,8.733777,116.800974,FALSE,NA,
3189.0,0.0,90.0,8.733777,116.800974,FALSE,NA,
3201.0,0.0,90.0,8.733777,116.800974,FALSE,NA,
3214.0,0.0,90.0,8.733777,116.800974,FALSE,NA,
3238.0,0.0,90.0,8.733777,116.800974,FALSE,NA,
3251.0,0.0,90.0,8.733777,116.800974,FALSE,NA,
3263.0,0.0,90.0,8.733777,116.800974,FALSE,NA,
3283.0,0.0,90.0,8.733777,116.800974,FALSE,NA,
3298.0,0.0,90.0,8.733777,116.800974,FALSE,NA,
3319.0,0.0,90.0,8.733777,116.800974,FALSE,NA,
3332.0,0.0,90.0,8.733777,116.800974,FALSE,NA,
3355.0,0.0,90.0,8.733777,116.800974,FALSE,NA,
3365.0,0.0,90.0,8.733777,116.800974,FALSE,NA,
3390.0,0.0,90.0,8.733777,116.800974,FALSE,NA,
3401.0,0.0,90.0,8.733777,116.800974,FALSE,NA,
3425.0,0.0,90.0,8.733777,116.800974,FALSE,NA,
3436.0,0.0,90.0,8.733777,116.800974,FALSE,NA,
3447.0,0.0,90.0,8.733777,116.800974,FALSE,NA,
3471.0,0.0,90.0,8.733777,116.800974,FALSE,NA,
3482.0,0.0,90.0,8.733777,116.800974,FALSE,NA,
3506.0,0.0,90.0,8.733777,116.800974,FALSE,NA,
3518.0,0.0,90.0,8.733777,116.800974,FALSE,NA,
3530.0,0.0,90.0,8.733777,116.800974,FALSE,NA,
3555.0,0.0,90.0,8.733777,116.800974,FALSE,NA,
3565.0,0.0,90.0,8.733777,116.800974,FALSE,NA,
3590.0,0.0,90.0,8.733777,116.800974,FALSE,NA,
3600.0,0.0,90.0,8.733777,116.800974,FALSE,NA,
3623.0,0.0,90.0,8.733777,116.800974,FALSE,NA,
3634.0,0.0,90.0,8.733777,116.800974,FALSE,NA,
3648.0,0.0,90.0,8.733777,116.800974,FALSE,NA,
3670.0,0.0,90.0,8.733777,116.800974,FALSE,NA,
3683.0,0.0,90.0,8.733777,116.800974,FALSE,NA,
3706.0,0.0,90.0,8.733777,116.800974,FALSE,NA,
3717.0,0.0,90.0,8.733777,116.800974,FALSE,NA,
3730.0,0.0,90.0,8.733777,116.800974,FALSE,NA,
3754.0,0.0,90.0,8.733777,116.800974,FALSE,NA,
3765.0,0.0,90.0,8.733777,116.800974,FALSE,NA,
3788.0,0.0,90.0,8.733777,116.800974,FALSE,NA,
3798.0,0.0,90.0,8.733777,116.800974,FALSE,NA,
3824.0,0.0,90.0,8.733777,116.800974,FALSE,NA,
3835.0,0.0,90.0,8.733777,116.800974,FALSE,NA,
3848.0,0.0,90.0,8.733777,116.800974,FALSE,NA,
3871.0,0.0,90.0,8.733777,116.800974,FALSE,NA,
3882.0,0.0,90.0,8.733777,116.800974,FALSE,NA,
3907.0,0.0,90.0,8.733777,116.800974,FALSE,NA,
3917.0,0.0,90.0,8.733777,116.800974,FALSE,NA,
3942.0,0.0,90.0,8.733777,116.800974,FALSE,NA,
3952.0,0.0,90.0,8.733777,116.800974,FALSE,NA,
3964.0,0.0,90.0,8.733777,116.800974,FALSE,NA,
3987.0,0.0,90.0,8.733777,116.800974,FALSE,NA,
4000.0,0.0,90.0,8.733777,116.800974,FALSE,NA,
4022.0,0.0,90.0,8.733777,116.800974,FALSE,NA,
4032.0,0.0,90.0,8.733777,116.800974,FALSE,NA,
4058.0,0.0,90.0,8.733777,116.800974,FALSE,NA,
4069.0,0.0,90.0,8.733777,116.800974,FALSE,NA,
4081.0,0.0,90.0,8.733777,116.800974,FALSE,NA,
4103.0,0.0,90.0,8.733777,116.800974,FALSE,NA,
4115.0,0.0,90.0,8.733777,116.800974,FALSE,NA,
4139.0,0.0,90.0,8.733777,116.800974,FALSE,NA,
4151.0,0.0,90.0,8.733777,116.800974,FALSE,NA,
4163.0,0.0,90.0,8.733777,116.800974,FALSE,NA,
4187.0,0.0,90.0,8.733777,116.800974,FALSE,NA,
4197.0,0.0,90.0,8.733777,116.800974,FALSE,NA,
4224.0,0.0,90.0,8.733777,116.800974,FALSE,NA,
4234.0,0.0,90.0,8.733777,116.800974,FALSE,NA,
4259.0,0.0,90.0,8.733777,116.800974,FALSE,NA,
4270.0,0.0,90.0,8.733777,116.800974,FALSE,NA,
4282.0,0.0,90.0,8.733777,116.800974,FALSE,NA,
4307.0,0.0,90.0,8.733777,116.800974,FALSE,NA,
4318.0,0.0,90.0,8.733777,116.800974,FALSE,NA,
4331.0,0.0,90.0,8.733777,116.800974,FALSE,NA,
4354.0,0.0,90.0,8.733777,116.800974,FALSE,NA,
4368.0,0.0,90.0,8.733777,116.800974,FALSE,NA,
4390.0,0.0,90.0,8.733777,116.800974,FALSE,NA,
4402.0,0.0,90.0,8.733777,116.800974,FALSE,NA,
4418.0,0.0,90.0,8.733777,116.800974,FALSE,NA,
4426.0,0.0,90.0,8.733777,116.800974,TRUE,FALSE
4439.0,0.0,90.0,0.673528,76.664377,FALSE,NA,
4449.0,0.0,90.0,0.673528,76.664377,FALSE,NA,
4474.0,0.0,90.0,0.673528,76.664377,FALSE,NA,
4484.0,0.0,90.0,0.673528,76.664377,FALSE,NA,
4497.0,0.0,90.0,0.673528,76.664377,FALSE,NA,
4521.0,0.0,90.0,0.673528,76.664377,FALSE,NA,
4532.0,0.0,90.0,0.673528,76.664377,FALSE,NA,
4558.0,0.0,90.0,0.673528,76.664377,FALSE,NA,
4567.0,0.0,90.0,0.673528,76.664377,FALSE,NA,
4581.0,0.0,90.0,0.673528,76.664377,FALSE,NA,
4606.0,0.0,90.0,0.673528,76.664377,FALSE,NA,
4616.0,0.0,90.0,0.673528,76.664377,FALSE,NA,
4642.0,0.0,90.0,0.673528,76.664377,FALSE,NA,
4651.0,0.0,90.0,0.673528,76.664377,FALSE,NA,
4663.0,0.0,90.0,0.673528,76.664377,FALSE,NA,
4689.0,0.0,90.0,0.673528,76.664377,FALSE,NA,
4702.0,0.0,90.0,0.673528,76.664377,FALSE,NA,
4724.0,0.0,90.0,0.673528,76.664377,FALSE,NA,
4734.0,0.0,90.0,0.673528,76.664377,FALSE,NA,
4749.0,0.0,90.0,0.673528,76.664377,FALSE,NA,
4770.0,0.0,90.0,0.673528,76.664377,FALSE,NA,
4786.0,0.0,90.0,0.673528,76.664377,FALSE,NA,
4807.0,0.0,90.0,0.673528,76.664377,FALSE,NA,
4818.0,0.0,90.0,0.673528,76.664377,FALSE,NA,
4830.0,0.0,90.0,0.673528,76.664377,FALSE,NA,
4851.0,0.0,90.0,0.673528,76.664377,FALSE,NA,
4864.0,0.0,90.0,0.673528,76.664377,FALSE,NA,
4887.0,0.0,90.0,0.673528,76.664377,FALSE,NA,
4898.0,0.0,90.0,0.673528,76.664377,FALSE,NA,
4922.0,0.0,90.0,0.673528,76.664377,FALSE,NA,
4932.0,0.0,90.0,0.673528,76.664377,FALSE,NA,
4960.0,0.0,90.0,0.673528,76.664377,FALSE,NA,
4970.0,0.0,90.0,0.673528,76.664377,FALSE,NA,
4981.0,0.0,90.0,0.673528,76.664377,FALSE,NA,
5006.0,0.0,90.0,0.673528,76.664377,FALSE,NA,
5016.0,0.0,90.0,0.673528,76.664377,FALSE,NA,
5030.0,0.0,90.0,0.673528,76.664377,FALSE,NA,
5052.0,0.0,90.0,0.673528,76.664377,FALSE,NA,
5066.0,0.0,90.0,0.673528,76.664377,FALSE,NA,
5089.0,0.0,90.0,0.673528,76.664377,FALSE,NA,
5099.0,0.0,90.0,0.673528,76.664377,FALSE,NA,
5125.0,0.0,90.0,0.673528,76.664377,FALSE,NA,
5135.0,0.0,90.0,0.673528,76.664377,FALSE,NA,
5147.0,0.0,90.0,0.673528,76.664377,FALSE,NA,
5170.0,0.0,90.0,0.673528,76.664377,FALSE,NA,
5182.0,0.0,90.0,0.673528,76.664377,FALSE,NA,
5207.0,0.0,90.0,0.673528,76.664377,FALSE,NA,
5218.0,0.0,90.0,0.673528,76.664377,FALSE,NA,
5230.0,0.0,90.0,0.673528,76.664377,FALSE,NA,
5253.0,0.0,90.0,0.673528,76.664377,FALSE,NA,
5264.0,0.0,90.0,0.673528,76.664377,FALSE,NA,
5288.0,0.0,90.0,0.673528,76.664377,FALSE,NA,
5301.0,0.0,90.0,0.673528,76.664377,FALSE,NA,
5326.0,0.0,90.0,0.673528,76.664377,FALSE,NA,
5336.0,0.0,90.0,0.673528,76.664377,FALSE,NA,
5349.0,0.0,90.0,0.673528,76.664377,FALSE,NA,
5372.0,0.0,90.0,0.673528,76.664377,FALSE,NA,
5383.0,0.0,90.0,0.673528,76.664377,FALSE,NA,
5410.0,0.0,90.0,0.673528,76.664377,FALSE,NA,
5419.0,0.0,90.0,0.673528,76.664377,FALSE,NA,
5430.0,0.0,90.0,0.673528,76.664377,FALSE,NA,
5453.0,0.0,90.0,0.673528,76.664377,FALSE,NA,
5465.0,0.0,90.0,0.673528,76.664377,FALSE,NA,
5490.0,0.0,90.0,0.673528,76.664377,FALSE,NA,
5502.0,0.0,90.0,0.673528,76.664377,FALSE,NA,
5523.0,0.0,90.0,0.673528,76.664377,FALSE,NA,
5535.0,0.0,90.0,0.673528,76.664377,FALSE,NA,
5548.0,0.0,90.0,0.673528,76.664377,FALSE,NA,
5571.0,0.0,90.0,0.673528,76.664377,FALSE,NA,
5584.0,0.0,90.0,0.673528,76.664377,FALSE,NA,
5606.0,0.0,90.0,0.673528,76.664377,FALSE,NA,
5616.0,0.0,90.0,0.673528,76.664377,FALSE,NA,
5630.0,0.0,90.0,0.673528,76.664377,FALSE,NA,
5655.0,0.0,90.0,0.673528,76.664377,FALSE,NA,
5668.0,0.0,90.0,0.673528,76.664377,FALSE,NA,
5681.0,0.0,90.0,0.673528,76.664377,FALSE,NA,
5702.0,0.0,90.0,0.673528,76.664377,FALSE,NA,
5716.0,0.0,90.0,0.673528,76.664377,FALSE,NA,
5738.0,0.0,90.0,0.673528,76.664377,FALSE,NA,
5751.0,0.0,90.0,0.673528,76.664377,FALSE,NA,
5763.0,0.0,90.0,0.673528,76.664377,FALSE,NA,
5787.0,0.0,90.0,0.673528,76.664377,FALSE,NA,
5799.0,0.0,90.0,0.673528,76.664377,FALSE,NA,
5822.0,0.0,90.0,0.673528,76.664377,FALSE,NA,
5832.0,0.0,90.0,0.673528,76.664377,FALSE,NA,
5857.0,0.0,90.0,0.673528,76.664377,FALSE,NA,
5869.0,0.0,90.0,0.673528,76.664377,FALSE,NA,
5881.0,0.0,90.0,0.673528,76.664377,FALSE,NA,
5902.0,0.0,90.0,0.673528,76.664377,FALSE,NA,
5914.0,0.0,90.0,0.673528,76.664377,FALSE,NA,
5939.0,0.0,90.0,0.673528,76.664377,FALSE,NA,
5953.0,0.0,90.0,0.673528,76.664377,FALSE,NA,
5964.0,0.0,90.0,0.673528,76.664377,FALSE,NA,
5985.0,0.0,90.0,0.673528,76.664377,FALSE,NA,
6000.0,0.0,90.0,0.673528,76.664377,FALSE,NA,
6020.0,0.0,90.0,0.673528,76.664377,FALSE,NA,
6034.0,0.0,90.0,0.673528,76.664377,FALSE,NA,
6058.0,0.0,90.0,0.673528,76.664377,FALSE,NA,
6068.0,0.0,90.0,0.673528,76.664377,FALSE,NA,
6081.0,0.0,90.0,0.673528,76.664377,FALSE,NA,
6103.0,0.0,90.0,0.673528,76.664377,FALSE,NA,
6115.0,0.0,90.0,0.673528,76.664377,FALSE,NA,
6138.0,0.0,90.0,0.673528,76.664377,FALSE,NA,
6150.0,0.0,90.0,0.673528,76.664377,FALSE,NA,
6174.0,0.0,90.0,0.673528,76.664377,FALSE,NA,
6184.0,0.0,90.0,0.673528,76.664377,FALSE,NA,
6199.0,0.0,90.0,0.673528,76.664377,FALSE,NA,
6221.0,0.0,90.0,0.673528,76.664377,FALSE,NA,
6236.0,0.0,90.0,0.673528,76.664377,FALSE,NA,
6258.0,0.0,90.0,0.673528,76.664377,FALSE,NA,
6268.0,0.0,90.0,0.673528,76.664377,FALSE,NA,
6280.0,0.0,90.0,0.673528,76.664377,FALSE,NA,
6303.0,0.0,90.0,0.673528,76.664377,FALSE,NA,
6316.0,0.0,90.0,0.673528,76.664377,FALSE,NA,
6340.0,0.0,90.0,0.673528,76.664377,FALSE,NA,
6350.0,0.0,90.0,0.673528,76.664377,FALSE,NA,
6375.0,0.0,90.0,0.673528,76.664377,FALSE,NA,
6383.0,0.0,90.0,0.673528,76.664377,FALSE,NA,
6408.0,0.0,90.0,0.673528,76.664377,FALSE,NA,
6419.0,0.0,90.0,0.673528,76.664377,FALSE,NA,
6433.0,0.0,90.0,0.673528,76.664377,FALSE,NA,
6456.0,0.0,90.0,0.673528,76.664377,FALSE,NA,
6467.0,0.0,90.0,0.673528,76.664377,FALSE,NA,
6492.0,0.0,90.0,0.673528,76.664377,FALSE,NA,
6502.0,0.0,90.0,0.673528,76.664377,FALSE,NA,
6514.0,0.0,90.0,0.673528,76.664377,FALSE,NA,
6539.0,0.0,90.0,0.673528,76.664377,FALSE,NA,
6549.0,0.0,90.0,0.673528,76.664377,FALSE,NA,
6572.0,0.0,90.0,0.673528,76.664377,FALSE,NA,
6584.0,0.0,90.0,0.673528,76.664377,FALSE,NA,
6597.0,0.0,90.0,0.673528,76.664377,FALSE,NA,
6619.0,0.0,90.0,0.673528,76.664377,FALSE,NA,
6633.0,0.0,90.0,0.673528,76.664377,FALSE,NA,
6656.0,0.0,90.0,0.673528,76.664377,FALSE,NA,
6669.0,0.0,90.0,0.673528,76.664377,FALSE,NA,
6690.0,0.0,90.0,0.673528,76.664377,FALSE,NA,
6702.0,0.0,90.0,0.673528,76.664377,FALSE,NA,
6713.0,0.0,90.0,0.673528,76.664377,FALSE,NA,
6735.0,0.0,90.0,0.673528,76.664377,FALSE,NA,
6748.0,0.0,90.0,0.673528,76.664377,FALSE,NA,
6773.0,0.0,90.0,0.673528,76.664377,FALSE,NA,
6785.0,0.0,90.0,0.673528,76.664377,FALSE,NA,
6797.0,0.0,90.0,0.673528,76.664377,FALSE,NA,
6822.0,0.0,90.0,0.673528,76.664377,FALSE,NA,
6835.0,0.0,90.0,0.673528,76.664377,FALSE,NA,
6847.0,0.0,90.0,0.673528,76.664377,FALSE,NA,
6871.0,0.0,90.0,0.673528,76.664377,FALSE,NA,
6883.0,0.0,90.0,0.673528,76.664377,FALSE,NA,
6904.0,0.0,90.0,0.673528,76.664377,FALSE,NA,
6918.0,0.0,90.0,0.673528,76.664377,FALSE,NA,
6940.0,0.0,90.0,0.673528,76.664377,FALSE,NA,
6952.0,0.0,90.0,0.673528,76.664377,FALSE,NA,
6963.0,0.0,90.0,0.673528,76.664377,FALSE,NA,
6984.0,0.0,90.0,0.673528,76.664377,FALSE,NA,
6998.0,0.0,90.0,0.673528,76.664377,FALSE,NA,
7022.0,0.0,90.0,0.673528,76.664377,FALSE,NA,
7035.0,0.0,90.0,0.673528,76.664377,FALSE,NA,
7058.0,0.0,90.0,0.673528,76.664377,FALSE,NA,
7068.0,0.0,90.0,0.673528,76.664377,FALSE,NA,
7093.0,0.0,90.0,0.673528,76.664377,FALSE,NA,
7102.0,0.0,90.0,0.673528,76.664377,FALSE,NA,
7117.0,0.0,90.0,0.673528,76.664377,FALSE,NA,
7138.0,0.0,90.0,0.673528,76.664377,FALSE,NA,
7153.0,0.0,90.0,0.673528,76.664377,FALSE,NA,
7174.0,0.0,90.0,0.673528,76.664377,FALSE,NA,
7184.0,0.0,90.0,0.673528,76.664377,FALSE,NA,
7196.0,0.0,90.0,0.673528,76.664377,FALSE,NA,
7220.0,0.0,90.0,0.673528,76.664377,FALSE,NA,
7232.0,0.0,90.0,0.673528,76.664377,FALSE,NA,
7255.0,0.0,90.0,0.673528,76.664377,FALSE,NA,
7266.0,0.0,90.0,0.673528,76.664377,FALSE,NA,
7279.0,0.0,90.0,0.673528,76.664377,FALSE,NA,
7301.0,0.0,90.0,0.673528,76.664377,FALSE,NA,
7315.0,0.0,90.0,0.673528,76.664377,FALSE,NA,
7339.0,0.0,90.0,0.673528,76.664377,FALSE,NA,
7351.0,0.0,90.0,0.673528,76.664377,FALSE,NA,
7364.0,0.0,90.0,0.673528,76.664377,FALSE,NA,
7385.0,0.0,90.0,0.673528,76.664377,FALSE,NA,
7398.0,0.0,90.0,0.673528,76.664377,FALSE,NA,
7423.0,0.0,90.0,0.673528,76.664377,FALSE,NA,
7433.0,0.0,90.0,0.673528,76.664377,FALSE,NA,
7448.0,0.0,90.0,0.673528,76.664377,FALSE,NA,
7470.0,0.0,90.0,0.673528,76.664377,FALSE,NA,
7483.0,0.0,90.0,0.673528,76.664377,FALSE,NA,
7505.0,0.0,90.0,0.673528,76.664377,FALSE,NA,
7517.0,0.0,90.0,0.673528,76.664377,FALSE,NA,
7530.0,0.0,90.0,0.673528,76.664377,FALSE,NA,
7551.0,0.0,90.0,0.673528,76.664377,FALSE,NA,
7565.0,0.0,90.0,0.673528,76.664377,FALSE,NA,
7587.0,0.0,90.0,0.673528,76.664377,FALSE,NA,
7598.0,0.0,90.0,0.673528,76.664377,FALSE,NA,
7625.0,0.0,90.0,0.673528,76.664377,FALSE,NA,
7634.0,0.0,90.0,0.673528,76.664377,FALSE,NA,
7647.0,0.0,90.0,0.673528,76.664377,FALSE,NA,
7668.0,0.0,90.0,0.673528,76.664377,FALSE,NA,
7682.0,0.0,90.0,0.673528,76.664377,FALSE,NA,
7704.0,0.0,90.0,0.673528,76.664377,FALSE,NA,
7717.0,0.0,90.0,0.673528,76.664377,FALSE,NA,
7739.0,0.0,90.0,0.673528,76.664377,FALSE,NA,
7750.0,0.0,90.0,0.673528,76.664377,FALSE,NA,
7764.0,0.0,90.0,0.673528,76.664377,FALSE,NA,
7786.0,0.0,90.0,0.673528,76.664377,FALSE,NA,
7798.0,0.0,90.0,0.673528,76.664377,FALSE,NA,
7823.0,0.0,90.0,0.673528,76.664377,TRUE,FALSE
7824.0,0.0,90.0,14.24314,92.556923,FALSE,NA,
7834.0,0.0,90.0,14.24314,92.556923,FALSE,NA,
7848.0,0.0,90.0,14.24314,92.556923,FALSE,NA,
7870.0,0.0,90.0,14.24314,92.556923,FALSE,NA,
7883.0,0.0,90.0,14.24314,92.556923,FALSE,NA,
7906.0,0.0,90.0,14.24314,92.556923,FALSE,NA,
7918.0,0.0,90.0,14.24314,92.556923,FALSE,NA,
7931.0,0.0,90.0,14.24314,92.556923,FALSE,NA,
7954.0,0.0,90.0,14.24314,92.556923,FALSE,NA,
7967.0,0.0,90.0,14.24314,92.556923,FALSE,NA,
7992.0,0.0,90.0,14.24314,92.556923,FALSE,NA,
8002.0,0.0,90.0,14.24314,92.556923,FALSE,NA,
8015.0,0.0,90.0,14.24314,92.556923,FALSE,NA,
8039.0,0.0,90.0,14.24314,92.556923,FALSE,NA,
8052.0,0.0,90.0,14.24314,92.556923,TRUE,FALSE
8053.0,0.0,90.0,18.027545,78.13042,FALSE,NA,
8063.0,0.0,90.0,18.027545,78.13042,FALSE,NA,
8085.0,0.0,90.0,18.027545,78.13042,FALSE,NA,
8098.0,0.0,90.0,18.027545,78.13042,FALSE,NA,
8123.0,0.0,90.0,18.027545,78.13042,FALSE,NA,
8133.0,0.0,90.0,18.027545,78.13042,FALSE,NA,
8147.0,0.0,90.0,18.027545,78.13042,FALSE,NA,
8169.0,0.0,90.0,18.027545,78.13042,FALSE,NA,
8181.0,0.0,90.0,18.027545,78.13042,FALSE,NA,
8204.0,0.0,90.0,18.027545,78.13042,FALSE,NA,
8218.0,0.0,90.0,18.027545,78.13042,FALSE,NA,
8230.0,0.0,90.0,18.027545,78.13042,FALSE,NA,
8253.0,0.0,90.0,18.027545,78.13042,FALSE,NA,
8265.0,0.0,90.0,18.027545,78.13042,FALSE,NA,
8288.0,0.0,90.0,18.027545,78.13042,FALSE,NA,
8300.0,0.0,90.0,18.027545,78.13042,FALSE,NA,
8323.0,0.0,90.0,18.027545,78.13042,FALSE,NA,
8335.0,0.0,90.0,18.027545,78.13042,FALSE,NA,
8348.0,0.0,90.0,18.027545,78.13042,FALSE,NA,
8370.0,0.0,90.0,18.027545,78.13042,FALSE,NA,
8383.0,0.0,90.0,18.027545,78.13042,FALSE,NA,
8405.0,0.0,90.0,18.027545,78.13042,FALSE,NA,
8419.0,0.0,90.0,18.027545,78.13042,FALSE,NA,
8430.0,0.0,90.0,18.027545,78.13042,FALSE,NA,
8453.0,0.0,90.0,18.027545,78.13042,FALSE,NA,
8465.0,0.0,90.0,18.027545,78.13042,FALSE,NA,
8488.0,0.0,90.0,18.027545,78.13042,FALSE,NA,
8500.0,0.0,90.0,18.027545,78.13042,FALSE,NA,
8523.0,0.0,90.0,18.027545,78.13042,FALSE,NA,
8534.0,0.0,90.0,18.027545,78.13042,FALSE,NA,
8548.0,0.0,90.0,18.027545,78.13042,FALSE,NA,
8568.0,0.0,90.0,18.027545,78.13042,FALSE,NA,
8581.0,0.0,90.0,18.027545,78.13042,FALSE,NA,
8606.0,0.0,90.0,18.027545,78.13042,FALSE,NA,
8618.0,0.0,90.0,18.027545,78.13042,FALSE,NA,
8630.0,0.0,90.0,18.027545,78.13042,FALSE,NA,
8652.0,0.0,90.0,18.027545,78.13042,FALSE,NA,
8664.0,0.0,90.0,18.027545,78.13042,FALSE,NA,
8688.0,0.0,90.0,18.027545,78.13042,FALSE,NA,
8700.0,0.0,90.0,18.027545,78.13042,FALSE,NA,
8724.0,0.0,90.0,18.027545,78.13042,FALSE,NA,
8737.0,0.0,90.0,18.027545,78.13042,FALSE,NA,
8750.0,0.0,90.0,18.027545,78.13042,FALSE,NA,
8771.0,0.0,90.0,18.027545,78.13042,FALSE,NA,
8786.0,0.0,90.0,18.027545,78.13042,FALSE,NA,
8798.0,0.0,90.0,18.027545,78.13042,FALSE,NA,
8821.0,0.0,90.0,18.027545,78.13042,FALSE,NA,
8835.0,0.0,90.0,18.027545,78.13042,FALSE,NA,
8858.0,0.0,90.0,18.027545,78.13042,FALSE,NA,
8869.0,0.0,90.0,18.027545,78.13042,FALSE,NA,
8881.0,0.0,90.0,18.027545,78.13042,FALSE,NA,
8903.0,0.0,90.0,18.027545,78.13042,FALSE,NA,
8916.0,0.0,90.0,18.027545,78.13042,FALSE,NA,
8937.0,0.0,90.0,18.027545,78.13042,FALSE,NA,
8951.0,0.0,90.0,18.027545,78.13042,FALSE,NA,
8963.0,0.0,90.0,18.027545,78.13042,FALSE,NA,
8987.0,0.0,90.0,18.027545,78.13042,TRUE,FALSE
8988.0,0.0,90.0,10.942563,66.533675,FALSE,NA,
8998.0,0.0,90.0,10.942563,66.533675,FALSE,NA,
9019.0,0.0,90.0,10.942563,66.533675,FALSE,NA,
9035.0,0.0,90.0,10.942563,66.533675,FALSE,NA,
9047.0,0.0,90.0,10.942563,66.533675,FALSE,NA,
9071.0,0.0,90.0,10.942563,66.533675,FALSE,NA,
9083.0,0.0,90.0,10.942563,66.533675,FALSE,NA,
9098.0,0.0,90.0,10.942563,66.533675,FALSE,NA,
9119.0,0.0,90.0,10.942563,66.533675,FALSE,NA,
9131.0,0.0,90.0,10.942563,66.533675,FALSE,NA,
9154.0,0.0,90.0,10.942563,66.533675,FALSE,NA,
9165.0,0.0,90.0,10.942563,66.533675,FALSE,NA,
9187.0,0.0,90.0,10.942563,66.533675,FALSE,NA,
9200.0,0.0,90.0,10.942563,66.533675,FALSE,NA,
9221.0,0.0,90.0,10.942563,66.533675,FALSE,NA,
9233.0,0.0,90.0,10.942563,66.533675,FALSE,NA,
9256.0,0.0,90.0,10.942563,66.533675,FALSE,NA,
9270.0,0.0,90.0,10.942563,66.533675,FALSE,NA,
9281.0,0.0,90.0,10.942563,66.533675,FALSE,NA,
9303.0,0.0,90.0,10.942563,66.533675,FALSE,NA,
9315.0,0.0,90.0,10.942563,66.533675,FALSE,NA,
9338.0,0.0,90.0,10.942563,66.533675,FALSE,NA,
9355.0,0.0,90.0,10.942563,66.533675,FALSE,NA,
9365.0,0.0,90.0,10.942563,66.533675,FALSE,NA,
9387.0,0.0,90.0,10.942563,66.533675,FALSE,NA,
9400.0,0.0,90.0,10.942563,66.533675,FALSE,NA,
9423.0,0.0,90.0,10.942563,66.533675,FALSE,NA,
9437.0,0.0,90.0,10.942563,66.533675,FALSE,NA,
9448.0,0.0,90.0,10.942563,66.533675,FALSE,NA,
9469.0,0.0,90.0,10.942563,66.533675,FALSE,NA,
9483.0,0.0,90.0,10.942563,66.533675,FALSE,NA,
9508.0,0.0,90.0,10.942563,66.533675,FALSE,NA,
9520.0,0.0,90.0,10.942563,66.533675,FALSE,NA,
9531.0,0.0,90.0,10.942563,66.533675,FALSE,NA,
9555.0,0.0,90.0,10.942563,66.533675,FALSE,NA,
9567.0,0.0,90.0,10.942563,66.533675,FALSE,NA,
9589.0,0.0,90.0,10.942563,66.533675,FALSE,NA,
9603.0,0.0,90.0,10.942563,66.533675,FALSE,NA,
9615.0,0.0,90.0,10.942563,66.533675,FALSE,NA,
9635.0,0.0,90.0,10.942563,66.533675,FALSE,NA,
9648.0,0.0,90.0,10.942563,66.533675,FALSE,NA,
9670.0,0.0,90.0,10.942563,66.533675,FALSE,NA,
9683.0,0.0,90.0,10.942563,66.533675,FALSE,NA,
9697.0,0.0,90.0,10.942563,66.533675,FALSE,NA,
9721.0,0.0,90.0,10.942563,66.533675,FALSE,NA,
9731.0,0.0,90.0,10.942563,66.533675,FALSE,NA,
9754.0,0.0,90.0,10.942563,66.533675,FALSE,NA,
9767.0,0.0,90.0,10.942563,66.533675,FALSE,NA,
9780.0,0.0,90.0,10.942563,66.533675,TRUE,FALSE
9790.0,0.0,90.0,7.957686,93.288939,FALSE,NA,
9805.0,0.0,90.0,7.957686,93.288939,FALSE,NA,
9816.0,0.0,90.0,7.957686,93.288939,FALSE,NA,
9838.0,0.0,90.0,7.957686,93.288939,FALSE,NA,
9851.0,0.0,90.0,7.957686,93.288939,FALSE,NA,
9866.0,0.0,90.0,7.957686,93.288939,FALSE,NA,
9887.0,0.0,90.0,7.957686,93.288939,FALSE,NA,
9900.0,0.0,90.0,7.957686,93.288939,FALSE,NA,
9923.0,0.0,90.0,7.957686,93.288939,TRUE,FALSE
9924.0,0.0,90.0,0.087743,94.343207,FALSE,NA,
9934.0,0.0,90.0,0.087743,94.343207,FALSE,NA,
9948.0,0.0,90.0,0.087743,94.343207,FALSE,NA,
9973.0,0.0,90.0,0.087743,94.343207,FALSE,NA,
9983.0,0.0,90.0,0.087743,94.343207,FALSE,NA,
10005.0,0.0,90.0,0.087743,94.343207,FALSE,NA,
10018.0,0.0,90.0,0.087743,94.343207,FALSE,NA,
10041.0,0.0,90.0,0.087743,94.343207,FALSE,NA,
10055.0,0.0,90.0,0.087743,94.343207,FALSE,NA,
10065.0,0.0,90.0,0.087743,94.343207,FALSE,NA,
10078.0,0.0,90.0,0.087743,94.343207,TRUE,FALSE
10087.0,0.0,90.0,8.088855,70.423844,FALSE,NA,
10098.0,0.0,90.0,8.088855,70.423844,FALSE,NA,
10121.0,0.0,90.0,8.088855,70.423844,FALSE,NA,
10134.0,0.0,90.0,8.088855,70.423844,FALSE,NA,
10157.0,0.0,90.0,8.088855,70.423844,FALSE,NA,
10169.0,0.0,90.0,8.088855,70.423844,FALSE,NA,
10183.0,0.0,90.0,8.088855,70.423844,FALSE,NA,
10196.0,0.0,90.0,8.088855,70.423844,TRUE,FALSE
10205.0,0.0,90.0,17.792436,114.694986,FALSE,NA,
10217.0,0.0,90.0,17.792436,114.694986,FALSE,NA,
10239.0,0.0,90.0,17.792436,114.694986,FALSE,NA,
10251.0,0.0,90.0,17.792436,114.694986,FALSE,NA,
10263.0,0.0,90.0,17.792436,114.694986,FALSE,NA,
10286.0,0.0,90.0,17.792436,114.694986,FALSE,NA,
10300.0,0.0,90.0,17.792436,114.694986,FALSE,NA,
10323.0,0.0,90.0,17.792436,114.694986,FALSE,NA,
10337.0,0.0,90.0,17.792436,114.694986,TRUE,FALSE
10338.0,0.0,90.0,-0.915217,116.932749,FALSE,NA,
10348.0,0.0,90.0,-0.915217,116.932749,FALSE,NA,
10370.0,0.0,90.0,-0.915217,116.932749,FALSE,NA,
10385.0,0.0,90.0,-0.915217,116.932749,FALSE,NA,
10398.0,0.0,90.0,-0.915217,116.932749,FALSE,NA,
10422.0,0.0,90.0,-0.915217,116.932749,FALSE,NA,
10433.0,0.0,90.0,-0.915217,116.932749,FALSE,NA,
10455.0,0.0,90.0,-0.915217,116.932749,FALSE,NA,
10474.0,0.0,90.0,-0.915217,116.932749,TRUE,FALSE
10475.0,0.0,90.0,3.617792,89.528862,FALSE,NA,
10485.0,0.0,90.0,3.617792,89.528862,FALSE,NA,
10506.0,0.0,90.0,3.617792,89.528862,FALSE,NA,
10519.0,0.0,90.0,3.617792,89.528862,FALSE,NA,
10531.0,0.0,90.0,3.617792,89.528862,FALSE,NA,
10556.0,0.0,90.0,3.617792,89.528862,FALSE,NA,
10567.0,0.0,90.0,3.617792,89.528862,FALSE,NA,
10588.0,0.0,90.0,3.617792,89.528862,TRUE,FALSE
10589.0,0.0,90.0,17.602307,119.410413,FALSE,NA,
10602.0,0.0,90.0,17.602307,119.410413,FALSE,NA,
10614.0,0.0,90.0,17.602307,119.410413,FALSE,NA,
10640.0,0.0,90.0,17.602307,119.410413,FALSE,NA,
10650.0,0.0,90.0,17.602307,119.410413,FALSE,NA,
10675.0,0.0,90.0,17.602307,119.410413,FALSE,NA,
10689.0,0.0,90.0,17.602307,119.410413,FALSE,NA,
10701.0,0.0,90.0,17.602307,119.410413,FALSE,NA,
10721.0,0.0,90.0,17.602307,119.410413,FALSE,NA,
10733.0,0.0,90.0,17.602307,119.410413,FALSE,NA,
10747.0,0.0,90.0,17.602307,119.410413,TRUE,FALSE
10749.0,0.0,90.0,6.43389,93.352102,FALSE,NA,
10771.0,0.0,90.0,6.43389,93.352102,FALSE,NA,
10783.0,0.0,90.0,6.43389,93.352102,FALSE,NA,
10807.0,0.0,90.0,6.43389,93.352102,FALSE,NA,
10819.0,0.0,90.0,6.43389,93.352102,FALSE,NA,
10831.0,0.0,90.0,6.43389,93.352102,FALSE,NA,
10853.0,0.0,90.0,6.43389,93.352102,FALSE,NA,
10865.0,0.0,90.0,6.43389,93.352102,FALSE,NA,
10876.0,0.0,90.0,6.43389,93.352102,TRUE,FALSE
10886.0,0.0,90.0,13.541356,65.735254,FALSE,NA,
10899.0,0.0,90.0,13.541356,65.735254,FALSE,NA,
10921.0,0.0,90.0,13.541356,65.735254,FALSE,NA,
10936.0,0.0,90.0,13.541356,65.735254,FALSE,NA,
10948.0,0.0,90.0,13.541356,65.735254,FALSE,NA,
10971.0,0.0,90.0,13.541356,65.735254,FALSE,NA,
10983.0,0.0,90.0,13.541356,65.735254,FALSE,NA,
11004.0,0.0,90.0,13.541356,65.735254,FALSE,NA,
11017.0,0.0,90.0,13.541356,65.735254,TRUE,FALSE
11018.0,0.0,90.0,8.545219,117.836966,FALSE,NA,
11038.0,0.0,90.0,8.545219,117.836966,FALSE,NA,
11053.0,0.0,90.0,8.545219,117.836966,FALSE,NA,
11065.0,0.0,90.0,8.545219,117.836966,FALSE,NA,
11089.0,0.0,90.0,8.545219,117.836966,FALSE,NA,
11100.0,0.0,90.0,8.545219,117.836966,FALSE,NA,
11120.0,0.0,90.0,8.545219,117.836966,FALSE,NA,
11135.0,0.0,90.0,8.545219,117.836966,TRUE,FALSE
11136.0,0.0,90.0,4.188934,87.404469,FALSE,NA,
11156.0,0.0,90.0,4.188934,87.404469,FALSE,NA,
11170.0,0.0,90.0,4.188934,87.404469,FALSE,NA,
11183.0,0.0,90.0,4.188934,87.404469,FALSE,NA,
11204.0,0.0,90.0,4.188934,87.404469,FALSE,NA,
11218.0,0.0,90.0,4.188934,87.404469,FALSE,NA,
11231.0,0.0,90.0,4.188934,87.404469,FALSE,NA,
11252.0,0.0,90.0,4.188934,87.404469,FALSE,NA,
11265.0,0.0,90.0,4.188934,87.404469,FALSE,NA,
11276.0,0.0,90.0,4.188934,87.404469,TRUE,FALSE
11287.0,0.0,90.0,5.901286,70.247997,FALSE,NA,
11300.0,0.0,90.0,5.901286,70.247997,FALSE,NA,
11323.0,0.0,90.0,5.901286,70.247997,FALSE,NA,
11335.0,0.0,90.0,5.901286,70.247997,FALSE,NA,
11349.0,0.0,90.0,5.901286,70.247997,FALSE,NA,
11371.0,0.0,90.0,5.901286,70.247997,FALSE,NA,
11386.0,0.0,90.0,5.901286,70.247997,FALSE,NA,
11397.0,0.0,90.0,5.901286,70.247997,FALSE,NA,
11419.0,0.0,90.0,5.901286,70.247997,TRUE,FALSE
11420.0,0.0,90.0,-2.210345,84.968544,FALSE,NA,
11432.0,0.0,90.0,-2.210345,84.968544,FALSE,NA,
11453.0,0.0,90.0,-2.210345,84.968544,FALSE,NA,
11466.0,0.0,90.0,-2.210345,84.968544,FALSE,NA,
11480.0,0.0,90.0,-2.210345,84.968544,FALSE,NA,
11504.0,0.0,90.0,-2.210345,84.968544,FALSE,NA,
11516.0,0.0,90.0,-2.210345,84.968544,FALSE,NA,
11539.0,0.0,90.0,-2.210345,84.968544,FALSE,NA,
11552.0,0.0,90.0,-2.210345,84.968544,FALSE,NA,
11565.0,0.0,90.0,-2.210345,84.968544,TRUE,FALSE
11566.0,0.0,90.0,17.681733,82.840336,FALSE,NA,
11587.0,0.0,90.0,17.681733,82.840336,FALSE,NA,
11599.0,0.0,90.0,17.681733,82.840336,FALSE,NA,
11623.0,0.0,90.0,17.681733,82.840336,FALSE,NA,
11636.0,0.0,90.0,17.681733,82.840336,FALSE,NA,
11647.0,0.0,90.0,17.681733,82.840336,FALSE,NA,
11671.0,0.0,90.0,17.681733,82.840336,FALSE,NA,
11683.0,0.0,90.0,17.681733,82.840336,FALSE,NA,
11707.0,0.0,90.0,17.681733,82.840336,TRUE,FALSE
11708.0,0.0,90.0,0.19715,94.314747,FALSE,NA,
11718.0,0.0,90.0,0.19715,94.314747,FALSE,NA,
11740.0,0.0,90.0,0.19715,94.314747,FALSE,NA,
11754.0,0.0,90.0,0.19715,94.314747,FALSE,NA,
11766.0,0.0,90.0,0.19715,94.314747,FALSE,NA,
11788.0,0.0,90.0,0.19715,94.314747,FALSE,NA,
11802.0,0.0,90.0,0.19715,94.314747,FALSE,NA,
11814.0,0.0,90.0,0.19715,94.314747,FALSE,NA,
11838.0,0.0,90.0,0.19715,94.314747,TRUE,FALSE
11839.0,0.0,90.0,11.701873,60.140257,FALSE,NA,
11849.0,0.0,90.0,11.701873,60.140257,FALSE,NA,
11871.0,0.0,90.0,11.701873,60.140257,FALSE,NA,
11886.0,0.0,90.0,11.701873,60.140257,FALSE,NA,
11900.0,0.0,90.0,11.701873,60.140257,FALSE,NA,
11922.0,0.0,90.0,11.701873,60.140257,FALSE,NA,
11934.0,0.0,90.0,11.701873,60.140257,FALSE,NA,
11956.0,0.0,90.0,11.701873,60.140257,TRUE,FALSE
11957.0,0.0,90.0,14.710371,108.951406,FALSE,NA,
11970.0,0.0,90.0,14.710371,108.951406,FALSE,NA,
11982.0,0.0,90.0,14.710371,108.951406,FALSE,NA,
12007.0,0.0,90.0,14.710371,108.951406,FALSE,NA,
12022.0,0.0,90.0,14.710371,108.951406,FALSE,NA,
12031.0,0.0,90.0,14.710371,108.951406,FALSE,NA,
12058.0,0.0,90.0,14.710371,108.951406,FALSE,NA,
12069.0,0.0,90.0,14.710371,108.951406,FALSE,NA,
12081.0,0.0,90.0,14.710371,108.951406,FALSE,NA,
12107.0,0.0,90.0,14.710371,108.951406,FALSE,NA,
12119.0,0.0,90.0,14.710371,108.951406,FALSE,NA,
12131.0,0.0,90.0,14.710371,108.951406,FALSE,NA,
12153.0,0.0,90.0,14.710371,108.951406,FALSE,NA,
12167.0,0.0,90.0,14.710371,108.951406,FALSE,NA,
12189.0,0.0,90.0,14.710371,108.951406,FALSE,NA,
12201.0,0.0,90.0,14.710371,108.951406,FALSE,NA,
12223.0,0.0,90.0,14.710371,108.951406,FALSE,NA,
12236.0,0.0,90.0,14.710371,108.951406,FALSE,NA,
12248.0,0.0,90.0,14.710371,108.951406,FALSE,NA,
12271.0,0.0,90.0,14.710371,108.951406,FALSE,NA,
12283.0,0.0,90.0,14.710371,108.951406,FALSE,NA,
12305.0,0.0,90.0,14.710371,108.951406,FALSE,NA,
12317.0,0.0,90.0,14.710371,108.951406,FALSE,NA,
12339.0,0.0,90.0,14.710371,108.951406,FALSE,NA,
12352.0,0.0,90.0,14.710371,108.951406,FALSE,NA,
12366.0,0.0,90.0,14.710371,108.951406,FALSE,NA,
12387.0,0.0,90.0,14.710371,108.951406,FALSE,NA,
12399.0,0.0,90.0,14.710371,108.951406,FALSE,NA,
12424.0,0.0,90.0,14.710371,108.951406,FALSE,NA,
12433.0,0.0,90.0,14.710371,108.951406,FALSE,NA,
12457.0,0.0,90.0,14.710371,108.951406,FALSE,NA,
12469.0,0.0,90.0,14.710371,108.951406,FALSE,NA,
12482.0,0.0,90.0,14.710371,108.951406,FALSE,NA,
12508.0,0.0,90.0,14.710371,108.951406,FALSE,NA,
12520.0,0.0,90.0,14.710371,108.951406,FALSE,NA,
12539.0,0.0,90.0,14.710371,108.951406,FALSE,NA,
12556.0,0.0,90.0,14.710371,108.951406,FALSE,NA,
12567.0,0.0,90.0,14.710371,108.951406,FALSE,NA,
12591.0,0.0,90.0,14.710371,108.951406,FALSE,NA,
12602.0,0.0,90.0,14.710371,108.951406,FALSE,NA,
12624.0,0.0,90.0,14.710371,108.951406,FALSE,NA,
12638.0,0.0,90.0,14.710371,108.951406,FALSE,NA,
12648.0,0.0,90.0,14.710371,108.951406,FALSE,NA,
12673.0,0.0,90.0,14.710371,108.951406,FALSE,NA,
12682.0,0.0,90.0,14.710371,108.951406,FALSE,NA,
12710.0,0.0,90.0,14.710371,108.951406,FALSE,NA,
12722.0,0.0,90.0,14.710371,108.951406,FALSE,NA,
12732.0,0.0,90.0,14.710371,108.951406,FALSE,NA,
12756.0,0.0,90.0,14.710371,108.951406,FALSE,NA,
12766.0,0.0,90.0,14.710371,108.951406,FALSE,NA,
12791.0,0.0,90.0,14.710371,108.951406,FALSE,NA,
12802.0,0.0,90.0,14.710371,108.951406,FALSE,NA,
12814.0,0.0,90.0,14.710371,108.951406,FALSE,NA,
12837.0,0.0,90.0,14.710371,108.951406,FALSE,NA,
12849.0,0.0,90.0,14.710371,108.951406,FALSE,NA,
12872.0,0.0,90.0,14.710371,108.951406,FALSE,NA,
12883.0,0.0,90.0,14.710371,108.951406,FALSE,NA,
12906.0,0.0,90.0,14.710371,108.951406,FALSE,NA,
12920.0,0.0,90.0,14.710371,108.951406,FALSE,NA,
12931.0,0.0,90.0,14.710371,108.951406,FALSE,NA,
12953.0,0.0,90.0,14.710371,108.951406,FALSE,NA,
12966.0,0.0,90.0,14.710371,108.951406,FALSE,NA,
